{
  "name": "nectorr.com-app",
  "main": "app.js",
  "dependencies": {
    "bcrypt-nodejs": "latest",
    "body-parser": "^1.15.2",
    "connect-flash": "~0.1.1",
    "cookie-parser": "^1.4.3",
    "crypto-js": "^3.1.8",
    "ejs": "~0.8.5",
    "express": "~3.4.4",
    "fbgraph": "^1.3.0",
    "mongodb": "^2.2.11",
    "mongoose": "~3.8.1",
    "node-oauth": "^0.1.3",
    "ntwitter": "^0.5.0",
    "passport": "~0.1.17",
    "passport-facebook": "~1.0.2",
    "passport-google-oauth": "~0.1.5",
    "passport-local": "~0.1.6",
    "passport-twitter": "~1.0.2",
    "request": "^2.78.0",
    "twit": "^2.2.5",
    "twitter": "^1.4.0"
  },
  "repository"= { },
  "author": "Edward Varghese"
}
